block_number,timestamp,pool_units,balance_rune,balance_asset
250000,1599470538,1810285068401,2973349597402,6472085843
250625,1599474019,1810285068401,2973425045887,6472085843
251250,1599477507,1810285068401,3000654977923,6413635662
251875,1599481009,1810285068401,3060475903350,6288794356
252500,1599484515,1810285068401,3060573516574,6288794356
253125,1599488025,1810285068401,3060672014781,6288794356
253750,1599491526,1810285068401,3063807942228,6282577933
254375,1599495027,1810285068401,3063906923376,6282577933
255000,1599498530,1810285068401,3123394511585,6163588962
255625,1599502030,1810285068401,3123504516243,6163588962
256250,1599505535,1810285068401,3123652390704,6163588962
256875,1599509037,1810285068401,3123809066811,6163588962
257500,1599512538,1810285068401,3123964146749,6163588962
258125,1599516039,1810285068401,3124117997442,6163588962
258750,1599519532,1810285068401,3103805581746,6204396614
259375,1599523026,1811235382565,3103961898047,6211989014
260000,1599526517,1811235382565,3104119348121,6211989014
260625,1599530010,1811235382565,3104276535604,6211989014
261250,1599533501,1811235382565,3104433497826,6211989014
261875,1599536990,1811235382565,3104590990880,6211989014
262500,1599540479,1811235382565,3104748810250,6211989014
263125,1599543971,1811235382565,3119843368410,6182463138
263750,1599547463,1811235382565,3092458419729,6238001487
264375,1599550957,1672883898033,2948325484305,5642538656
265000,1599554453,1672883898033,2889834717239,5757702190
265625,1599557943,1672883898033,2819311655059,5902980432
266250,1599561438,1672883898033,2795980969904,5952980432
266875,1599564936,1672883898033,2796246666732,5952980432
267500,1599568429,1672883898033,2796514542170,5952980432
268125,1599571941,1738890778254,3259494334121,5729993755
268750,1599575443,2040027755157,3705235785362,7188142186
269375,1599578950,2046526068305,3718342469674,7213304111
270000,1599582437,2046526068305,3718471098590,7213304111
270625,1599585921,2046526068305,3718603960115,7213304111
271250,1599589404,2046526068305,3718734486647,7213304111
271875,1599592887,2046526068305,3718866891676,7213304111
272500,1599596369,2046526068305,3718998341312,7213304111
273125,1599599851,2046526068305,3684422441051,7281367763
273750,1599603334,2046526068305,3667110277452,7316063063
274375,1599606817,2046526068305,3652999021548,7344624700
275000,1599610298,2046526068305,3653128941689,7344624700
275625,1599613778,2046526068305,3653260520308,7344624700
276250,1599617260,2046526068305,3653391662925,7344624700
276875,1599620742,2046526068305,3653516801165,7344624700
277500,1599624226,2043874466634,3644190880411,7344624700
278125,1599627707,2043874466634,3644321304070,7344624700
278750,1599631190,2043874466634,3609465265350,7415932195
279375,1599634671,2043874466634,3609595986811,7415932195
280000,1599638153,2043874466634,3609724799457,7415932195
280625,1599641634,2043874466634,3609851193807,7415932195
281250,1599645117,2043874466634,3609978592753,7415932195
281875,1599648599,2043874466634,3610106658487,7415932195
282500,1599652082,2043874466634,3610234503569,7415932195
283125,1599655565,2043874466634,3620249333979,7395708932
283750,1599659045,2043874466634,3620376925307,7395708932
284375,1599662535,2043874466634,3637764323033,7360668485
285000,1599666024,2043874466634,3637907266420,7360668485
285625,1599669531,2786372016402,5885815177748,8707403659
286250,1599673041,3412794465791,6241328918840,12749850725
286875,1599676536,3412794465791,6193052801427,12849850725
287500,1599680044,3412794465791,6193245924750,12849850725
288125,1599683535,3413546021104,6196433266280,12849850725
288750,1599687034,3425624917898,6223542517351,12895279368
289375,1599690521,3425624917898,6223739210709,12895279368
290000,1599694008,3425624917898,6226343089527,12890310803
290625,1599697498,3425624917898,6226539872910,12890310803
291250,1599700986,3425624917898,6246595317909,12849377588
291875,1599704478,3425624917898,6246789197347,12849377588
292500,1599707967,3425624917898,6246983397081,12849377588
293125,1599711459,3425624917898,6247176564176,12849377588
293750,1599714971,3425624917898,6247334971584,12849377588
294375,1599718467,3513494733605,6429022951643,13196702494
295000,1599721965,3580714707461,6496403868333,13612134560
295625,1599725466,3580714707461,6640485496520,13317737544
296250,1599728956,3580714707461,6573982870426,13452990884
296875,1599732445,3580714707461,6574162748865,13452990884
297500,1599735936,3365284359405,6178731163435,12643808910
298125,1599739425,3365284359405,6130568830751,12743808910
298750,1599742919,3365284359405,6130777299886,12743808910
299375,1599746408,3365284359405,6130992313238,12743808910
300000,1599749896,3365284359405,6131205424790,12743808910
300625,1599753385,3365284359405,6131414433614,12743808910
301250,1599756877,3365284359405,6131647056337,12743808910
301875,1599760367,3365284359405,6132071179629,12743808910
302500,1599763866,3365284359405,6132471261843,12743808910
303125,1599767370,3365284359405,6132901417330,12743808910
303750,1599770859,3365284359405,6133337919968,12743808910
304375,1599774348,3365284359405,6133776394837,12743808910
305000,1599777834,3365284359405,6144136091348,12723307661
305625,1599781321,3393843381267,6201582331287,12841338156
306250,1599784809,3393843381267,6326379359335,12589621639
306875,1599788294,3393843381267,6326817059259,12589621639
307500,1599791775,3393843381267,6327274309913,12589621639
308125,1599795256,3393843381267,6327732875887,12589621639
308750,1599798736,3393843381267,6328190968807,12589621639
309375,1599802217,3393843381267,6362393635413,12523068635
310000,1599805699,3393843381267,6362855675333,12523068635
310625,1599809182,3387505043112,6373288710610,12457040186
311250,1599812667,3387505043112,6442321158578,12325206540
311875,1599816154,3387505043112,6442786081115,12325206540
312500,1599819646,3387505043112,6443255457677,12325206540
313125,1599823144,3387505043112,6296983165712,12613616606
313750,1599826642,3630295562668,6760609262547,13634082974
314375,1599830160,3815069389593,7128833832832,14380259645
315000,1599833678,3815069389593,7129346775236,14380259645
315625,1599837193,3815069389593,7129861345024,14380259645
316250,1599840707,3815069389593,7130376397468,14380259645
316875,1599844233,3815069389593,7130885748876,14380259645
317500,1599847753,3815069389593,7131400765110,14380259645
318125,1599851268,3815069389593,7165329371863,14313376190
318750,1599854785,3815069389593,7165839934454,14313376190
319375,1599858302,3815069389593,7166336942162,14313376190
320000,1599861817,3815069389593,7166838905463,14313376190
320625,1599865338,3815069389593,7167318729576,14313376190
321250,1599868849,3815069389593,7165355834250,14318344755
321875,1599872360,3815069389593,7165861381576,14318344755
322500,1599875876,3815069389593,7277469734283,14101868551
323125,1599879390,3815069389593,7138515137914,14378804865
323750,1599882900,3815069389593,7139021888709,14378804865
324375,1599886409,3815069389593,7139537849731,14378804865
325000,1599889919,3815069389593,7140039470399,14378804865
325625,1599893429,3815069389593,7140552663506,14378804865
326250,1599896933,3815069389593,7141062161723,14378804865
326875,1599900448,3815069389593,7214951930147,14233366781
327500,1599903956,3767429270626,7125518122822,14055826972
328125,1599907466,3767429270626,7162630657202,13984756292
328750,1599910975,3767429270626,7163411557264,13984756292
329375,1599914491,3767429270626,7164184094960,13984756292
330000,1599918032,3767429270626,7164946984616,13984756292
330625,1599921595,3767429270626,7165689602825,13984756292
331250,1599925170,3582655443701,6757683368061,13411868949
331875,1599928737,3582655443701,6758422269077,13411868949
332500,1599932285,3582655443701,6740179827373,13449744921
333125,1599935830,3582655443701,6816650909283,13301162425
333750,1599939388,3582655443701,6856416472089,13225607510
334375,1599942949,3582655443701,6935964463825,13075708553
335000,1599946514,3582655443701,6946610635002,13057100579
335625,1599950059,3582655443701,6888771522534,13168524543
336250,1599953606,3582655443701,6889515269582,13168524543
336875,1599957164,3582655443701,6909678407389,13133224867
337500,1599960718,3582655443701,6780299166871,13386441675
338125,1599964268,3582655443701,6781055970844,13386441675
338750,1599967817,3582655443701,6696419053862,13557659965
339375,1599971365,3485667191984,6413449279038,13407269807
340000,1599974914,3485667191984,6486237160586,13258796150
340625,1599978460,3485667191984,6505836662692,13220380470
341250,1599982006,3485667191984,6564600843127,13103816664
341875,1599985554,3485667191984,6565282085185,13103816664
342500,1599989099,3485667191984,6483485493332,13271037892
343125,1599992644,3485667191984,6484170985178,13271037892
343750,1599996188,3485667191984,6566157279742,13107816974
344375,1599999729,3485667191984,6566872825939,13107816974
345000,1600003277,3485667191984,6547101856461,13148919762
345625,1600006848,3485667191984,6574035984016,13096920807
346250,1600010413,3485667191984,6725227365704,12804721699
346875,1600013977,3485667191984,6704244713693,12846157353
347500,1600017544,3485667191984,6828095285299,12616914834
348125,1600021092,3485667191984,6806707154277,12657932786
348750,1600024638,3485667191984,6718655848658,12825633238
349375,1600028175,3485667191984,6719358435812,12825633238
350000,1600031715,3485667191984,6741877905540,12784230802
350625,1600035258,3485667191984,6742551130247,12784230802
351250,1600038803,3485667191984,6765795670848,12741701859
351875,1600042343,3484915636671,6763597183234,12741701859
352500,1600045883,3484915636671,6764278109460,12741701859
353125,1600049437,3484915636671,6719386293183,12828395615
353750,1600052985,3484915636671,6720072014975,12828395615
354375,1600056531,3484915636671,6720765337506,12828395615
355000,1600060077,3484915636671,6721464705811,12828395615
355625,1600063631,3484915636671,6722137193308,12828395615
356250,1600067179,3484915636671,6744554589740,12787207343
356875,1600070726,3484915636671,6745265977686,12787207343
357500,1600074279,3484915636671,6835877323380,12620175627
358125,1600077837,3484915636671,6882990427294,12535317203
358750,1600081387,3484915636671,6883702663816,12535317203
359375,1600084942,3484915636671,6884391659047,12535317203
360000,1600088494,3484915636671,6885092175549,12535317203
360625,1600092049,3484915636671,6821841530444,12653130923
361250,1600095629,3484915636671,6993807265948,12344114802
361875,1600099199,3484915636671,6994460242322,12344114802
362500,1600102764,3484915636671,6995111756168,12344114802
363125,1600106346,3478319028098,6969392674752,12344114802
363750,1600109907,3478319028098,6970045790102,12344114802
364375,1600113463,3252459086888,6493325923742,11586724752
365000,1600117019,3252459086888,6544792775236,11497270736
365625,1600120589,3252459086888,6601574338833,11399731318
366250,1600124147,3252459086888,6602212398794,11399731318
366875,1600127700,3252459086888,6602867606111,11399731318
367500,1600131248,3252459086888,6603535899966,11399731318
368125,1600134842,3252459086888,6604203992548,11399731318
368750,1600138555,3252459086888,6604870697605,11399731318
369375,1600142271,3252459086888,6694249916260,11249768099
370000,1600145988,3252459086888,6621931223902,11374107022
370625,1600149627,3252459086888,6622605186114,11374107022
371250,1600153194,3252459086888,6718207632888,11213867587
371875,1600156777,3354870821034,6964095420589,11479419527
372500,1600160347,3554690344662,7239679975634,12349687564
373125,1600163946,5777209973277,13549469078131,16350871110
373750,1600167527,5780889813797,11617215734509,19110460707
374375,1600171083,5780889813797,11608352967382,19126424596
375000,1600174636,5780889813797,11608898303450,19126424596
375625,1600178207,5780889813797,11562372230754,19204553020
376250,1600181771,5780889813797,11562880012167,19204553020
376875,1600185330,5780889813797,11622718839393,19106791858
377500,1600188890,5780889813797,11621124317501,19111064965
378125,1600192449,5780889813797,11621919849628,19111064965
378750,1600196025,5780889813797,11706626054710,18974368201
379375,1600199583,5243811175753,10792050442792,16937443930
380000,1600203146,4032380552812,8365586484178,12921837822
380625,1600206698,4032380552812,8340455696553,12961859342
381250,1600210245,4032380552812,8341081177899,12961859342
381875,1600213795,4032380552812,8341722175974,12961859342
382500,1600217355,4032380552812,8334406761306,12974356464
383125,1600220901,4032380552812,8335039317044,12974356464
383750,1600224454,4032380552812,8335652849024,12974356464
384375,1600228005,4032380552812,8336270566292,12974356464
385000,1600231577,4032380552812,8380836550961,12907850685
385625,1600235143,4032380552812,8332677111064,12984032441
386250,1600238710,4032380552812,8106039354474,13349120081
386875,1600242289,4032380552812,8015802698054,13500948828
387500,1600245856,4032380552812,8016449361620,13500948828
388125,1600249419,4032380552812,8017116379139,13500948828
388750,1600252973,4032380552812,8017780453803,13500948828
389375,1600256527,4032380552812,8063153851415,13426355189
390000,1600260078,4032380552812,7973220441576,13579854347
390625,1600263634,4032380552812,7886100628856,13731930453
391250,1600267197,4032380552812,8175238650679,13248834277
391875,1600270756,4032380552812,8314518509355,13028646737
392500,1600274308,4032380552812,8315215153586,13028646737
393125,1600277895,4032380552812,8400968018937,12897093528
393750,1600281479,4032380552812,8426309856154,12859475319
394375,1600285078,4032380552812,8326557589673,13014998583
395000,1600288655,4032380552812,8327230524388,13014998583
395625,1600292217,4032380552812,8303415221509,13053537681
396250,1600295775,4032380552812,8304125700194,13053537681
396875,1600299343,4032380552812,8304817442924,13053537681
397500,1600302906,4032380552812,8281307951226,13091815674
398125,1600306469,4032380552812,8233990441002,13168449675
398750,1600310043,4032380552812,8210875625635,13206705805
399375,1600313602,4032380552812,8211584152167,13206705805
400000,1600317171,4032380552812,8212285816954,13206705805
400625,1600320738,4032380552812,8212972136929,13206705805
401250,1600324312,4032380552812,8213632935042,13206705805
401875,1600327879,4032380552812,8309849152484,13055334192
402500,1600331451,4032380552812,8562024237116,12672991805
403125,1600335025,4032380552812,8767718222698,12377538432
403750,1600338594,4032380552812,8821244660741,12303613109
404375,1600342168,4032380552812,8821950422633,12303613109
405000,1600345756,4032380552812,8927637969529,12159455109
405625,1600349384,4032380552812,9138703993810,11880227385
406250,1600352984,4032380552812,9139414457851,11880227385
406875,1600356598,4032380552812,9140194074674,11880227385
407500,1600360207,4032380552812,9140976090324,11880227385
408125,1600363822,4032380552812,9238607596222,11756022040
408750,1600367439,4032380552812,9309630214206,11667546509
409375,1600371026,4032380552812,9362881231989,11607951106
410000,1600374591,4032380552812,9219505505063,11791710940
410625,1600378174,4032380552812,9221098639542,11791710940
411250,1600381731,4032380552812,9222719565781,11791710940
411875,1600385320,4032380552812,9097994668870,11956374761
412500,1600388884,4003821530950,8996221000436,11923353788
413125,1600392452,4003821530950,8997794929935,11923353788
413750,1600396011,4003821530950,8999404515773,11923353788
414375,1600399558,4003821530950,9001059203641,11923353788
415000,1600403112,4003821530950,9002698028548,11923353788
415625,1600406670,4003821530950,9004322039558,11923353788
416250,1600410227,4003821530950,9060257916557,11852261638
416875,1600413794,4003821530950,9108494260689,11792113555
417500,1600417346,3958780699360,8910164977714,11788469618
418125,1600420901,3958780699360,8911773414750,11788469618
418750,1600424453,3958780699360,8913390678012,11788469618
419375,1600428003,3958780699360,8914993483362,11788469618
420000,1600431559,3958780699360,8862256744249,11861135042
420625,1600435111,3958780699360,8841711151215,11891135042
421250,1600438666,3958780699360,8843407450256,11891135042
421875,1600442223,3958780699360,8698808172749,12092224686
422500,1600445776,3958780699360,8700471122833,12092224686
423125,1600449328,3958780699360,8702178866388,12092224686
423750,1600452881,3958780699360,8703850260418,12092224686
424375,1600456441,3928087900588,8570715417637,12093504001
425000,1600460005,3928087900588,8572379856669,12093504001
425625,1600463600,3928087900588,8794150401063,11793189343
426250,1600467180,3928087900588,8795824859532,11793189343
426875,1600470758,3928087900588,8797460701915,11793189343
427500,1600474330,3928087900588,8799127072368,11793189343
428125,1600477898,3928087900588,8800795618241,11793189343
428750,1600481468,3928087900588,8773416957943,11832352363
429375,1600485028,3928087900588,8775113597384,11832352363
430000,1600488595,3928087900588,8776818616554,11832352363
430625,1600492165,3928087900588,8778469738045,11832352363
431250,1600495725,3928087900588,8780163613402,11832352363
431875,1600499287,3928087900588,8781833495122,11832352363
432500,1600502852,3928087900588,8710705603845,11932257849
433125,1600506411,3928087900588,8687421319205,11966811923
433750,1600509972,3928087900588,8689114027762,11966811923
434375,1600513539,3928087900588,8690798988579,11966811923
435000,1600517106,3928087900588,8692480737762,11966811923
435625,1600520682,3928087900588,8766682226172,11868322011
436250,1600524318,3928087900588,8821803266179,11796763541
436875,1600528020,3928087900588,8850632808591,11760759361
437500,1600531740,3928087900588,8934684837670,11652795697
438125,1600535445,3928087900588,8936310656295,11652795697
438750,1600539150,3928087900588,8937969437558,11652795697
439375,1600542864,3928087900588,8878270320990,11733980171
440000,1600546571,3928087900588,8879946900942,11733980171
440625,1600550273,3928087900588,8881635224558,11733980171
441250,1600553980,3928087900588,8883311174537,11733980171
441875,1600557693,3928087900588,8884972373550,11733980171
442500,1600561394,3928087900588,8941543890680,11662440472
443125,1600565093,3928087900588,8998624923868,11590984326
443750,1600568796,3928087900588,9000254040586,11590984326
444375,1600572491,3928087900588,9001960966852,11590984326
445000,1600576187,3928087900588,9003636328410,11590984326
445625,1600579887,3928087900588,9005341310279,11590984326
446250,1600583589,3928087900588,9007029325256,11590984326
446875,1600587287,3928087900588,9008722632870,11590984326
447500,1600590987,3928087900588,9010415285036,11590984326
448125,1600594684,3928087900588,9012131608785,11590984326
448750,1600598375,3928087900588,9013851722148,11590984326
449375,1600602069,3928087900588,9015568811861,11590984326
450000,1600605765,3928087900588,9017262858987,11590984326
450625,1600609462,3928087900588,9010664863611,11602160300
451250,1600613162,3928087900588,8943139405383,11692397286
451875,1600616866,3928087900588,8849689350221,11818698605
452500,1600620556,3928087900588,8777881228468,11918591505
453125,1600624289,3928087900588,8829355913207,11851807607
453750,1600628009,3928087900588,8979629027099,11656715171
454375,1600631727,3928087900588,8981296396060,11656715171
455000,1600635438,3928087900588,9038553017141,11585393241
455625,1600639132,3928087900588,9211285129766,11371495244
456250,1600642710,3928087900588,9210420664413,11374744884
456875,1600646303,3928087900588,9179837286850,11415016901
457500,1600649904,3928087900588,9173707210289,11425132420
458125,1600653477,3928087900588,9233120211704,11354083822
458750,1600657044,3928087900588,9263342691677,11319279917
459375,1600660612,3928087900588,9265032889639,11319279917
460000,1600664178,3928087900588,9266698209201,11319279917
460625,1600667742,3928087900588,9268378096910,11319279917
461250,1600671304,3928087900588,9270083440402,11319279917
461875,1600674867,3928087900588,9271794521264,11319279917
462500,1600678438,3928087900588,9238628500242,11362126021
463125,1600682003,3928087900588,9240324179829,11362126021
463750,1600685572,3928087900588,9359883362591,11219725547
464375,1600689139,3928087900588,9467293747981,11095018554
465000,1600692709,3928087900588,9624175178305,10917201565
465625,1600696279,3928087900588,9720401707281,10811523586
466250,1600699854,3911840567449,10097743830396,10324321127
466875,1600703427,3911840567449,10136948345317,10285469020
467500,1600706987,3854318404309,9788595394935,10342440363
468125,1600710570,4130728871295,10630020923148,10941724094
468750,1600714190,4130728871295,10427822492337,11155318235
469375,1600717783,4071525200439,10524920658503,10741023210
470000,1600721408,5718974067815,14823144685280,15079299508
470625,1600724971,5718974067815,14714741432820,15191860801
471250,1600728528,5827775503706,14951619970525,15527112394
471875,1600732058,5827775503706,14943771625218,15539374338
472500,1600735595,5827775503706,14782929145337,15711899873
473125,1600739135,5835497121515,14615102312022,15938068694
473750,1600742680,5835497121515,14524697505538,16040317952
474375,1600746197,5835497121515,14425269408431,16154129801
475000,1600749717,5869086663578,14427676987333,16340957306
475625,1600753241,5869086663578,14482914532006,16281469478
476250,1600756762,5869086663578,14485469780649,16281750299
476875,1600760279,5869086663578,14487934390172,16281750299
477500,1600763801,5895184994446,14545268924526,16364851911
478125,1600767336,5895184994446,14546295741800,16364851911
478750,1600770862,5895184994446,14467774717933,16454851911
479375,1600774386,5895184994446,14530046859721,16385907263
480000,1600777913,5895184994446,14528112271343,16389165843
480625,1600781440,5895184994446,14731280638915,16164561785
481250,1600784963,5915041269491,14879807709865,16112357184
481875,1600788485,5915041269491,14588698161315,16435532677
482500,1600792005,5915041269491,14589540480462,16435532677
483125,1600795524,5915041269491,14480196298060,16560870055
483750,1600799048,5915041269491,14390874383662,16664853436
484375,1600802571,5915041269491,14391676675885,16664853436
485000,1600806095,5915041269491,14392476641938,16664853436
485625,1600809611,5915041269491,14380726035952,16679493974
486250,1600813126,5950572526767,14531446764237,16706976086
486875,1600816652,5963609872420,14295833881432,17058576136
487500,1600820197,5957516359930,14356949375486,16952422658
488125,1600823736,5957516359930,14415885398247,16884238021
488750,1600827281,5957516359930,14559905138781,16718560052
489375,1600830811,5957516359930,14620338575075,16650575111
490000,1600834341,5957516359930,14621156764610,16650575111
490625,1600837871,5957516359930,14621990931069,16650575111
491250,1600841401,5957516359930,14622817357177,16650575111
491875,1600844928,5957516359930,14623653434188,16650575111
492500,1600848456,5957516359930,14624489509851,16650575111
493125,1600851993,5957516359930,14703384526166,16562328601
493750,1600855532,5957516359930,14928064073532,16314456884
494375,1600859065,5957516359930,14928889163667,16314456884
495000,1600862602,5957516359930,15027083352865,16208938924
495625,1600866138,5957516359930,15027875546973,16208938924
496250,1600869673,5957516359930,15028700266702,16208938924
496875,1600873207,5957516359930,15029523586374,16208938924
497500,1600876741,5957516359930,15030351620095,16208938924
498125,1600880278,5957516359930,15031170239409,16208938924
498750,1600883820,5957516359930,14917880394382,16333133940
499375,1600887369,5957516359930,15087958930284,16153752603
500000,1600890909,5957516359930,15088757713251,16153752603
500625,1600894448,5957516359930,15089562374126,16153752603
501250,1600897985,5957516359930,15090354464121,16153752603
501875,1600901523,5957516359930,14890947830380,16371465222
502500,1600905059,5957516359930,14891755070784,16371465222
503125,1600908601,5957516359930,14948478858502,16310354866
503750,1600912154,5957516359930,14999002287839,16256352550
504375,1600915714,5957516359930,14999704596650,16256352550
505000,1600919281,5957516359930,15000485789016,16256352550
505625,1600922825,5957516359930,15135402386766,16112611520
506250,1600926395,5957516359930,15771807138419,15466247497
506875,1600929940,5957516359930,15518671447495,15720057128
507500,1600933480,5957516359930,15378248740478,15864337912
508125,1600937020,5957516359930,15378706786070,15864337912
508750,1600940555,5957516359930,15379172757851,15864337912
509375,1600944096,5957516359930,15379622234357,15864337912
510000,1600947638,5957516359930,15380079098392,15864337912
510625,1600951180,5957516359930,15310188246843,15937316977
511250,1600954723,5957516359930,15214699740217,16037964207
511875,1600958265,5957516359930,15215148295243,16037964207
512500,1600961803,5957516359930,15215600997599,16037964207
513125,1600965347,5957516359930,15216038940786,16037964207
513750,1600968899,5957516359930,14992153852858,16278278036
514375,1600972447,5923926817867,14907960830524,16186606771
515000,1600975994,5923926817867,14923024127380,16170828174
515625,1600979538,5923926817867,14789692116587,16317330120
516250,1600983076,5923926817867,14790143761093,16317330120
516875,1600986616,5923926817867,14695013224792,16423640141
517500,1600990153,5923926817867,14695461731348,16423640141
518125,1600993691,5923926817867,14678060156336,16443640141
518750,1600997233,5923926817867,14678491999709,16443640141
519375,1601000763,5923926817867,14584791887606,16549921941
520000,1601004277,5923926817867,14585241162658,16549921941
520625,1601007806,5923926817867,14585661766532,16549921941
521250,1601011318,5923926817867,14586106538927,16549921941
521875,1601014879,5923926817867,14383207130711,16784191228
522500,1601018436,5923926817867,14284117430996,16901273808
523125,1601021970,5923926817867,14284539885134,16901273808
523750,1601025504,5923926817867,14284971380674,16901273808
524375,1601029046,5923926817867,14285403171680,16901273808
525000,1601032595,5923926817867,14370367505282,16801990569
525625,1601036132,5923926817867,14370785315588,16801990569
526250,1601039667,5923926817867,14371210162550,16801990569
526875,1601043210,5923926817867,14402609945707,16765892647
527500,1601046740,5923926817867,14433970907016,16730013070
528125,1601050266,5871577855708,14384868971680,16493184206
528750,1601053788,5871577855708,14385290022218,16493184206
529375,1601057313,5871577855708,14385718545032,16493184206
530000,1601060837,5871577855708,14386142891197,16493184206
530625,1601064359,5871577855708,14386565252901,16493184206
531250,1601067883,5871577855708,14386982013813,16493184206
531875,1601071410,5871577855708,14387411233201,16493184206
532500,1601074941,5871577855708,14387843775775,16493184206
533125,1601078480,5871577855708,14195066539287,16717971898
533750,1601082022,4858241255260,11332070247199,14338325080
534375,1601085574,4858241255260,11116678520305,14618202976
535000,1601089116,4858241255260,11117022983478,14618202976
535625,1601092674,4992590369955,11428369228204,15018196176
536250,1601096234,4992590369955,11285942209864,15208534813
536875,1601099793,4992590369955,11286306510992,15208534813
537500,1601103344,4992590369955,11286659271796,15208534813
538125,1601106889,4992590369955,11287018841205,15208534813
538750,1601110432,4992590369955,11287380446638,15208534813
539375,1601113990,4992590369955,11287718037225,15208534813
540000,1601117531,4992590369955,11288076353342,15208534813
540625,1601121076,4987703637203,11266473050286,15208387300
541250,1601124621,4987703637203,11266819154527,15208387300
541875,1601128163,4987703637203,11267165495446,15208387300
542500,1601131705,4987703637203,11267519271322,15208387300
543125,1601135260,4987703637203,11267856810130,15208387300
543750,1601138814,4987703637203,11268207266168,15208387300
544375,1601142361,4987703637203,11268644859082,15208387300
545000,1601145907,4987703637203,11269083459247,15208387300
545625,1601149458,4987703637203,11269429763434,15208387300
546250,1601152999,4987703637203,11269788546524,15208387300
546875,1601156542,4987703637203,11367694631566,15078095704
547500,1601160084,4987703637203,11368056765496,15078095704
548125,1601163640,4987703637203,11168452448829,15348464104
548750,1601167183,4987703637203,11168824784324,15348464104
549375,1601170729,4987703637203,11169186039983,15348464104
550000,1601174270,4987703637203,11169555210040,15348464104
550625,1601177821,4932439785624,11046065171470,15178540241
551250,1601181395,4932439785624,10982469824446,15267092441
551875,1601184987,4536230603742,9694678860960,14629725029
552500,1601188592,4536230603742,9517364955354,14903473429
553125,1601192159,4536230603742,9517771538345,14903473429
553750,1601195727,4536230603742,9643335361022,14710403580
554375,1601199291,4536230603742,9702672626562,14621726990
555000,1601202855,4536230603742,9703480996980,14621726990
555625,1601206443,4536230603742,9521300692575,14903406690
556250,1601210013,4162296519332,8737063705570,13675034011
556875,1601213589,4162296519332,8899495823236,13427268271
557500,1601217160,4162296519332,8950146447913,13352508766
558125,1601220742,4162296519332,8921518506112,13396590799
558750,1601224307,4162296519332,9012724463779,13262188170
559375,1601227886,4162296519332,8983263374087,13306621170
560000,1601231461,4162296519332,8836786809144,13528577970
560625,1601235034,4162296519332,8808458088394,13573081770
561250,1601238604,4126765262056,8841071526237,13294410264
561875,1601242171,4126765262056,8841634933988,13294410264
562500,1601245734,4126765262056,8842209201525,13294410264
563125,1601249300,4120671749566,8787636930067,13338575664
563750,1601252869,4120671749566,8788206256037,13338575664
564375,1601256473,4120671749566,8343366622232,14052760464
565000,1601260054,4131851189294,8469626189464,13919950919
565625,1601263627,4131851189294,8439274223251,13971156619
566250,1601267229,4131851189294,8170288532916,14433307519
566875,1601270850,4131851189294,8280822078309,14242073183
567500,1601274455,4131851189294,8364073723986,14101533872
568125,1601278058,4068494160759,8175921325377,13988844564
568750,1601281669,4068494160759,8314184296314,13757732239
569375,1601285260,4068494160759,8314680872987,13757732239
570000,1601288855,4068494160759,8315147511997,13757732239
570625,1601292470,4062155822604,8089739396875,14098722939
571250,1601296079,4062155822604,8253875063449,13819786023
571875,1601299680,4062155822604,8361447096468,13643062742
572500,1601303273,4062155822604,8361899888818,13643062742
573125,1601306866,4374787982756,9005940491339,14693062742
573750,1601310462,4374787982756,9006428441165,14693062742
574375,1601314055,4374787982756,9006921340412,14693062742
575000,1601317659,4374787982756,8953581264361,14781586142
575625,1601321270,4249879766793,8682443926979,14386163208
576250,1601324879,4249879766793,8656207753624,14430653208
576875,1601328494,4268617682635,8796655397115,14327114202
577500,1601332092,4268617682635,8797100557994,14327114202
578125,1601335698,4266114469610,8881826391733,14174883651
578750,1601339313,4266114469610,8911674475754,14128371422
579375,1601342913,4551124612935,9482033552710,15113799822
580000,1601346511,4551124612935,9482481194705,15113799822
580625,1601350108,4634153802556,9655926393766,15389531034
581250,1601353716,4634153802556,9782645345388,15191159550
581875,1601357317,4634153802556,9783068474207,15191159550
582500,1601360915,4634153802556,9754100029712,15237056550
583125,1601364527,4634153802556,9784301673519,15190844963
583750,1601368127,4634153802556,9784832952362,15190880963
584375,1601371736,4657758965498,9791951618979,15336293163
585000,1601375345,4657758965498,9734025693041,15428663763
585625,1601378947,4657758965498,9764205686455,15381902603
586250,1601382546,4657758965498,9735177500788,15428739803
586875,1601386142,4657758965498,9716648208480,15459329206
587500,1601389737,4657758965498,9746870529510,15412346781
588125,1601393328,5111069877306,10696064554998,16912336781
588750,1601396921,5111069877306,10696657992229,16912336781
589375,1601400518,5111069877306,10733188889176,16855772307
590000,1601404130,5111520907625,10827997613330,16712404292
590625,1601407736,5111520907625,10859599270982,16664759855
591250,1601411342,5111520907625,10860166146256,16664759855
591875,1601414958,5111520907625,11056207725597,16370645164
592500,1601418573,5111520907625,11126811147896,16267729689
593125,1601422187,5111520907625,11168590489764,16207776496
593750,1601425788,5086473671479,11114311794467,16128501025
594375,1601429391,5086473671479,11187537876469,16023869284
595000,1601432984,5086473671479,11188093505641,16023869284
595625,1601436579,5086473671479,11188652442820,16023869284
596250,1601440196,5086473671479,11122379527699,16120330084
596875,1601443809,5086473671479,11089945076646,16168382884
597500,1601447413,5086473671479,11090504137123,16168382884
598125,1601451008,5086473671479,11091056349626,16168382884
598750,1601454613,5086473671479,11283223026267,15894347219
599375,1601458227,5086473671479,11318255194020,15846051946
600000,1601461849,5086473671479,11318844541847,15846051946
600625,1601465448,5086473671479,11319420729749,15846051946
601250,1601469044,5086473671479,11320006208994,15846051946
601875,1601472650,5086473671479,11407311510051,15725802898
602500,1601476254,5086473671479,11542521244398,15542747120
603125,1601479849,5086473671479,11543109362848,15542747120
603750,1601483464,5086473671479,11543703164898,15542747120
604375,1601487070,5086473671479,11580093297525,15494791231
605000,1601490668,5086473671479,11580710994640,15494791231
605625,1601494280,5086473671479,11451554377829,15670723231
606250,1601497876,5086473671479,11452206631249,15670723231
606875,1601501477,5086473671479,11452854662352,15670723231
607500,1601505071,5086473671479,11453502793064,15670723231
608125,1601508672,5086473671479,11484042992222,15630008620
608750,1601512273,5138741622626,11603144209146,15790008620
609375,1601515866,5138741622626,11603796768721,15790008620
610000,1601519460,5138741622626,11604474845265,15790008620
610625,1601523059,5138741622626,11504020984592,15929071620
611250,1601526662,5170827425389,11636610445537,15945967784
611875,1601530263,5170827425389,11667276404915,15905056383
612500,1601533865,5170827425389,11603273824927,15993891783
613125,1601537464,5170827425389,11569104907791,16042226583
613750,1601541082,5170827425389,11432435518073,16235217783
614375,1601544683,5170827425389,11399330939754,16283126583
615000,1601548299,5170827425389,11333423305066,16378692183
615625,1601551908,5170827425389,11333938873710,16378692183
616250,1601555522,5170827425389,11334462880233,16378692183
616875,1601559133,5170827425389,11334991286707,16378692183
617500,1601562738,5170827425389,11335475640901,16378692183
618125,1601566337,5170827425389,11335963978386,16378692183
618750,1601569949,5170827425389,11303839126486,16426015983
619375,1601573552,5170827425389,11266560827342,16481122083
620000,1601577159,5170827425389,11299500909944,16433870917
620625,1601580760,5170827425389,11332454224390,16386885865
621250,1601584363,5170827425389,11403799655200,16285262203
621875,1601587996,5170827425389,11620070750185,15983408440
622500,1601591615,5170827425389,11620482832861,15983408440
623125,1601595230,5170827425389,11722870186871,15844814500
623750,1601598845,5170827425389,11689342621218,15890962900
624375,1601602465,4670006166724,10620826328767,14266672959
625000,1601606079,4670006166724,10621235132392,14266672959
625625,1601609685,4670006166724,10621640802623,14266672959
626250,1601613285,4670006166724,10564764619568,14344210459
626875,1601616893,4670006166724,10565175382249,14344210459
627500,1601620511,4670006166724,10688197597080,14179942552
628125,1601624112,4670006166724,10659170455499,14219180052
628750,1601627713,4670006166724,10630208532379,14258545052
629375,1601631320,4670006166724,10630609437402,14258545052
630000,1601634941,4670006166724,10834079056158,13991647765
630625,1601638558,4670006166724,10990806541003,13793182302
631250,1601642169,4670006166724,10959825889861,13832719802
631875,1601645784,4670006166724,10960218788975,13832719802
632500,1601649403,4670006166724,11086413793458,13675999127
633125,1601653018,4670006166724,11138240498322,13612915957
633750,1601656633,4670006166724,11038952952900,13736120957
634375,1601660239,4670006166724,10916191641304,13891516957
635000,1601663861,4670006166724,10917133984791,13891087334
635625,1601667466,4670006166724,10886846728297,13930417334
636250,1601671053,4670006166724,10887368670139,13930417334
636875,1601674653,4670006166724,10849275026679,13980645559
637500,1601678242,4705969688816,10811962564090,14246862734
638125,1601681837,4705969688816,10752888445973,14325969234
638750,1601685421,4705969688816,10724012438482,14365389734
639375,1601688998,4705969688816,10724578447730,14365389734
640000,1601692575,4705969688816,10725142702390,14365389734
640625,1601696169,4705969688816,10790899140868,14278741082
641250,1601699747,4705969688816,10791454036875,14278741082
641875,1601703326,4705969688816,10821902647740,14239399723
642500,1601706909,4705969688816,10786509271398,14286904723
643125,1601710488,4705969688816,10787055202543,14286904723
643750,1601714070,4705969688816,10757780047869,14326605723
644375,1601717653,4705969688816,10728992504139,14365885223
645000,1601721243,4705969688816,10542933974897,14620673723
645625,1601724823,4705969688816,10514845010186,14660602723
646250,1601728400,4705969688816,10515409059041,14660602723
646875,1601731974,4705969688816,10545364362533,14619852754
647500,1601735561,4719222112188,10513289267817,14748098617
648125,1601739158,4719222112188,10513820862887,14748098617
648750,1601742735,4719222112188,10514368677327,14748098617
649375,1601746327,4719222112188,10590836676908,14642592406
650000,1601749910,4719222112188,10649912615002,14562257244
650625,1601753516,4719222112188,10650389098661,14562257244
651250,1601757120,4719222112188,10641634008154,14574932338
651875,1601760716,4719222112188,10576146628207,14666013778
652500,1601764295,4719222112188,10582350742406,14658158845
653125,1601767884,4719222112188,10553779764643,14698588845
653750,1601771460,4719222112188,10554265725317,14698588845
654375,1601775042,4719222112188,10554747866439,14698588845
655000,1601778615,4719222112188,10555233850010,14698588845
655625,1601782193,4719222112188,10678720833240,14529586600
656250,1601785777,4719222112188,10679198266482,14529586600
656875,1601789362,4719222112188,10771072451680,14406487093
657500,1601792935,4719222112188,10771545560280,14406487093
658125,1601796516,4719222112188,10909237069015,14225625770
658750,1601800088,4719222112188,10909701772672,14225625770
659375,1601803665,4719222112188,10980309549881,14134905767
660000,1601807236,4719222112188,10980774410261,14134905767
660625,1601810810,4719222112188,10981232229412,14134905767
661250,1601814388,4719222112188,10981690241941,14134905767
661875,1601817959,4719222112188,10944361345468,14183831567
662500,1601821541,4719222112188,10944812363124,14183831567
663125,1601825125,4719222112188,11073303812529,14020109258
663750,1601828705,4719222112188,11073746439519,14020109258
664375,1601832290,4719222112188,11074189600066,14020109258
665000,1601835872,4719222112188,11074649429064,14020109258
665625,1601839455,4719222112188,11042349315358,14061807258
666250,1601843038,4561633709896,10617096622974,13665604411
666875,1601846625,4561633709896,10708991337538,13552583188
667500,1601850198,4561633709896,10709449634407,13552583188
668125,1601853772,4561633709896,10644805556311,13635659188
668750,1601857341,4561633709896,10645285868332,13635659188
669375,1601860934,4561633709896,10711065923434,13552589982
670000,1601864522,4561633709896,10647452115006,13634335982
670625,1601868091,4561633709896,10647920308950,13634335982
671250,1601871653,4561633709896,10648384690662,13634335982
671875,1601875221,4561633709896,10648841920285,13634335982
672500,1601878784,4561633709896,10617335422672,13675485982
673125,1601882346,4561633709896,10585979899397,13716638982
673750,1601885908,4561633709896,10554787417970,13757858982
674375,1601889469,4561633709896,10555298460600,13757858982
675000,1601893039,4561633709896,10601125644205,13699336108
675625,1601896604,4561633709896,10601792945275,13699336108
676250,1601900177,4561633709896,10644613398491,13645151644
676875,1601903739,4629902905451,10877963892084,13756179756
677500,1601907304,4629902905451,10878546209758,13756179756
678125,1601910870,4629902905451,10911518531271,13715301193
678750,1601914436,4735609170410,11218715370086,13959707317
679375,1601918011,4735609170410,11219174831294,13959707317
680000,1601921575,4735609170410,11219636721011,13959707317
680625,1601925153,4849271105405,11572737527791,14193341929
681250,1601928725,4849271105405,11573213294621,14193341929
681875,1601932296,4849271105405,11573670741101,14193341929
682500,1601935883,4849271105405,11574111530042,14193341929
683125,1601939440,4849271105405,11574532467314,14193341929
683750,1601943002,4849271105405,11608262472247,14152678126
684375,1601946561,4849271105405,11608670612034,14152678126
685000,1601950120,4849271105405,11609074262053,14152678126
685625,1601953680,4849271105405,11676990357361,14070988955
686250,1601957244,4849271105405,11745881365735,13988986998
686875,1601960806,4849271105405,11815187959199,13907530677
687500,1601964373,4849271105405,11885198653924,13826131062
688125,1601967936,4849271105405,11963049951657,13736696798
688750,1601971498,4849271105405,11963430753553,13736696798
689375,1601975068,4849271105405,11963795457449,13736696798
690000,1601978625,4849271105405,11964193700774,13736696798
690625,1601982186,4849271105405,12045833906875,13644151275
691250,1601985752,4849271105405,12126626845339,13553806893
691875,1601989327,4849271105405,12352793660448,13306381133
692500,1601992896,4849271105405,12525106781842,13124064439
693125,1601996451,4849271105405,12525557992940,13124064439
693750,1602000018,4849271105405,12604936249201,13042002638
694375,1602003587,4849271105405,12607434388645,13040007733
695000,1602007165,4849271105405,12241409181216,13430918133
695625,1602010728,4907984644425,12440167035738,13539080499
696250,1602014306,4907984644425,12440661562862,13539080499
696875,1602017908,4907984644425,12441153224470,13539080499
697500,1602021509,4907984644425,12405064090105,13579080499
698125,1602025108,5054321864511,12775611151721,13983800758
698750,1602028691,4951265068500,12392266127928,13836835181
699375,1602032279,4951265068500,12550265592970,13663496462
700000,1602035857,4951265068500,12550807472094,13663496462
700625,1602039442,4951265068500,12444527133222,13782302192
701250,1602043026,4951265068500,12394138437276,13839102292
701875,1602046609,7225235766264,18362172112285,20320931892
702500,1602050180,7225235766264,18363018982267,20320931892
703125,1602053759,7225235766264,18276234432513,20418509892
703750,1602057342,7225235766264,18061818896767,20662175892
704375,1602060916,7225235766264,17978094558679,20759549892
705000,1602064489,7225235766264,17894429927626,20857849618
705625,1602068079,7225235766264,17683630564683,21107674918
706250,1602071664,7225235766264,17684474917546,21107674918
706875,1602075249,7225235766264,17604940304874,21204172918
707500,1602078836,7225235766264,17473600034685,21364876418
708125,1602082418,7225235766264,17396111578606,21461295218
708750,1602085993,7225235766264,17436206284367,21413114581
709375,1602089574,7225235766264,17515683174710,21317193069
710000,1602093161,7225235766264,17516545801555,21317193069
710625,1602096759,7225235766264,17557436422703,21268673112
711250,1602100357,7225235766264,17911828520819,20857519981
711875,1602103944,7468931242206,18292879931479,21825748337
712500,1602107545,7468931242206,18239938766466,21890312337
713125,1602111135,7468931242206,18240915308519,21890312337
713750,1602114725,7468931242206,18241887372890,21890312337
714375,1602118335,7468931242206,18202399752808,21939046737
715000,1602121935,7468931242206,18203390560146,21939046737
715625,1602125541,7468931242206,17925729270057,22280595337
716250,1602129141,7468931242206,17926710887445,22280595337
716875,1602132746,7468931242206,17836807813656,22394282337
717500,1602136361,7468931242206,17578392777265,22725505637
718125,1602139958,7814853841686,18395976095515,23775505637
718750,1602143564,7814853841686,18397080502199,23775505637
719375,1602147168,7814853841686,18398202140195,23775505637
720000,1602150786,7803803937413,18347309004001,23775631958
720625,1602154403,7803803937413,18662791344858,23375839366
721250,1602158014,7803803937413,18741401104056,23279291084
721875,1602161627,7803803937413,18859035771072,23135609421
722500,1602165259,7803803937413,18860042791991,23135609421
723125,1602168877,7803803937413,18861083799229,23135609421
723750,1602172501,7803803937413,18816778065927,23191398721
724375,1602176122,7803803937413,18772709079015,23247128521
725000,1602179740,7803803937413,18728804990911,23303059921
725625,1602183372,7803803937413,18458940501000,23645558121
726250,1602186995,7803803937413,18460000687217,23645558121
726875,1602190611,7803803937413,18461057777253,23645558121
727500,1602194234,7803803937413,18462137694815,23645558121
728125,1602197865,7803803937413,18463371576386,23645558121
728750,1602201509,7803803937413,18607481645369,23464265172
729375,1602205156,7803803937413,18608660661474,23464265172
730000,1602208792,7803803937413,18609870008097,23464265172
730625,1602212430,7803803937413,18439320661064,23683272072
731250,1602216055,7803803937413,18182584462748,24019873872
731875,1602219692,7803803937413,18012595428831,24248636672
732500,1602223310,7803803937413,17973021379510,24303798772
733125,1602226932,7803803937413,17866597357186,24450507970
733750,1602230543,7803803937413,17781026222458,24570160170
734375,1602234162,7803803937413,17656792268526,24745144170
735000,1602237800,7803803937413,17194443628784,25413157370
735625,1602241433,7803803937413,17398834330968,25116468482
736250,1602245057,7803803937413,17578112366300,24862126540
736875,1602248686,7803803937413,17127580019286,25518540940
737500,1602252306,7803803937413,17253517168420,25334011481
738125,1602255919,7648548120469,17060909936497,24612527108
738750,1602259547,7944702510389,17734215069081,25568831824
739375,1602263177,7944702510389,17672794244035,25660201018
740000,1602266791,7944702510389,17673830015200,25660201018
740625,1602270416,7944702510389,17918789296495,25311144261
741250,1602274039,7944702510389,17919792085521,25311144261
741875,1602277660,7944702510389,17876515046668,25374045061
742500,1602281266,7944702510389,17877562885706,25374045061
743125,1602284877,7944702510389,17878584352791,25374045061
743750,1602288528,7944702510389,17929716714617,25303214217
744375,1602292178,7944702510389,18200874390944,24928462334
745000,1602295846,7944702510389,18305784218025,24787200039
745625,1602299474,7944702510389,18353139286694,24724783050
746250,1602303108,7944702510389,18354179596865,24724783050
746875,1602306744,7944702510389,18395794221369,24670374953
747500,1602310384,5670731812625,13164231467079,17565017763
748125,1602314024,5670731812625,13251386964034,17450655399
748750,1602317657,5670731812625,13141344807886,17598187699
749375,1602321283,5670731812625,13099472191012,17655720892
750000,1602324911,9915672862374,22854566680895,30945889165
750625,1602328527,9915672862374,22901768981897,30884162764
751250,1602332144,9915672862374,22903205919460,30884162764
751875,1602335764,9915672862374,22763132032247,31076461664
752500,1602339411,9915672862374,22142307416608,31951184864
753125,1602343044,9916470256061,22145495113289,31953754309
753750,1602346665,9916470256061,22243649668897,31815247870
754375,1602350287,9916470256061,22187212995049,31898817527
755000,1602353910,9916470256061,22188783285679,31898817527
755625,1602357527,9916470256061,22190358975474,31898817527
756250,1602361163,9916470256061,21815745754602,32449921227
756875,1602364796,9916470256061,21817309006746,32449921227
757500,1602368424,9916470256061,21818855517621,32449921227
758125,1602372054,9916470256061,21728969036825,32586794127
758750,1602375687,9916470256061,21545303736767,32867532527
759375,1602379336,9909785103962,21532317309084,32845527765
760000,1602382981,9909785103962,21533986074148,32845527765
760625,1602386647,9909785103962,21580978457469,32776783665
761250,1602390288,9985638808768,21747905951712,33027671158
761875,1602393939,9985638808768,22382047226057,32095972420
762500,1602397578,9985638808768,22474955033725,31965844211
763125,1602401226,10016681866889,22834600119985,31662192455
763750,1602404864,10016681866889,22836203370876,31662192455
764375,1602408500,10016681866889,22837781962558,31662192455
765000,1602412136,10016681866889,22883283969188,31601575737
765625,1602415769,10016681866889,22760235321614,31775050937
766250,1602419393,10016681866889,22761919204596,31775050937
766875,1602423015,10016681866889,22763605943553,31775050937
767500,1602426635,10016681866889,22716709116317,31843159337
768125,1602430253,10016681866889,22718429979864,31843159337
768750,1602433896,10016681866889,22195760699814,32596881037
769375,1602437519,10016681866889,22197467888177,32596881037
770000,1602441162,10016681866889,22152486951252,32665591537
770625,1602444807,10016681866889,22107571288522,32734563037
771250,1602448459,10016681866889,21986766365829,32917530272
771875,1602452102,10016681866889,22184521747217,32627083225
772500,1602455751,10016681866889,22186142142929,32627083225
773125,1602459413,10016681866889,22187757842704,32627083225
773750,1602463038,10016681866889,22189483102583,32627083225
774375,1602466696,10016681866889,22191126625880,32627083225
775000,1602470354,10016681866889,22345334130556,32404829667
775625,1602473997,10016681866889,22347125055902,32404829667
776250,1602477648,10016681866889,22348926043855,32404829667
776875,1602481292,10016681866889,22350720731983,32404829667
777500,1602484925,10016681866889,22304476466612,32474780367
778125,1602488561,10016681866889,22210449639179,32615332137
778750,1602492208,10016681866889,22117550305723,32755077837
779375,1602495843,10016681866889,22119285775969,32755077837
780000,1602499493,10016681866889,22121286991283,32755077837
780625,1602503131,10113429196166,22315706676610,33109018973
781250,1602506783,10113429196166,21956194779362,33657328657
781875,1602510457,10113429196166,21758136178425,33968761683
782500,1602514123,10113429196166,22141559775581,33385609241
783125,1602517786,12396499610608,27044686808901,41069971452
783750,1602521473,12396499610608,26448090530655,42000979166
784375,1602525122,15613621245651,33317498028120,52897043948
785000,1602528778,15613621245651,34033828717907,51790883650
785625,1602532434,15636920468796,34201318378094,51695882282
786250,1602536104,15652058523123,34403898386705,51495675510
786875,1602539749,15652058523123,34503302035185,51351655553
787500,1602543407,15773976620109,34774699817538,51751647753
788125,1602547060,15773976620109,34777689095528,51751197562
788750,1602550709,15773976620109,34580353067227,52051547734
789375,1602554372,15773976620109,34828114249432,51685837916
790000,1602558027,15773976620109,34488288870071,52199933283
790625,1602561683,15773976620109,34491010565249,52199933283
791250,1602565352,15773976620109,34493600774764,52199933283
791875,1602569013,15773976620109,34490872498784,52208662602
792500,1602572686,15773976620109,34456688391552,52264831302
793125,1602576370,15773976620109,34232585936231,52612225202
793750,1602580043,15773976620109,34071633943086,52865811302
794375,1602583729,15773976620109,34074385780508,52865811302
795000,1602587409,15773976620109,34076606666005,52865811302
795625,1602591089,15773976620109,34448203960862,52300425770
796250,1602594771,15773976620109,34429268842660,52332639561
796875,1602598438,15773976620109,34431588466433,52332639561
797500,1602602110,15773976620109,34433786745259,52332639561
798125,1602605781,15773976620109,34436065906635,52332639561
798750,1602609470,15677229290832,33456073736543,53212499971
799375,1602613148,15677229290832,33550294011412,53067057835
800000,1602616831,15677229290832,34047842405250,52296378465
800625,1602620527,15677229290832,34580441535527,51496012703
801250,1602624219,15677229290832,34044013887805,52312077031
801875,1602627890,15677229290832,34078250865183,52263107216
802500,1602631565,15677229290832,34214181181698,52059244020
803125,1602635230,15677229290832,34216469716501,52059244020
803750,1602638903,15677229290832,34186576135891,52108280820
804375,1602642562,15677229290832,34188885017854,52108280820
805000,1602646236,15677229290832,34117202440605,52221533820
805625,1602649911,15677229290832,34119556484806,52221533820
806250,1602653597,15677229290832,34153649128531,52172998989
806875,1602657284,15677229290832,34119132586881,52229403589
807500,1602660961,15677229290832,33949266904482,52494627089
808125,1602664642,15677229290832,33806842026608,52719868189
808750,1602668335,15677229290832,33809118613334,52719868189
809375,1602672011,15677229290832,33811557672142,52719868189
810000,1602675707,15677229290832,33813885755067,52719868189
810625,1602679432,15677229290832,33816097934151,52719868189
811250,1602683116,14199626118605,30630680756127,47751386864
811875,1602686792,14199626118605,30822619996704,47457985461
812500,1602690468,14199626118605,30920318303383,47311479195
813125,1602694159,14199626118605,31163195127670,46946773434
813750,1602697836,14201765967599,31239488536970,46849518807
814375,1602701518,13799032346491,30355436287429,45521110307
815000,1602705196,13799032346491,30293173980356,45617897507
815625,1602708874,13799032346491,30230943230318,45715037507
816250,1602712546,13799032346491,30200692895633,45763872107
816875,1602716231,13799032346491,30202534273787,45763872107
817500,1602719936,13799032346491,30573651923471,45212777977
818125,1602723604,13799032346491,30575521201879,45212777977
818750,1602727298,13799032346491,30577350910391,45212777977
819375,1602730986,13803499930648,30589085279284,45227416102
820000,1602734717,13803499930648,30590931162440,45227416102
820625,1602738370,13803499930648,30592768524114,45227416102
821250,1602742054,13803499930648,30852114029155,44850496436
821875,1602745751,13803499930648,30853969687424,44850496436
822500,1602749429,14909534678604,33705752923694,47905034304
823125,1602753100,14909534678604,33707631139378,47905034304
823750,1602756759,14909534678604,33744448241752,47855636275
824375,1602760412,14909534678604,33746305012682,47855636275
825000,1602764044,14909534678604,33748167460976,47855636275
825625,1602767695,14909534678604,33750025527850,47855636275
826250,1602771355,14937423621401,33878267745858,47855636275
826875,1602774991,14937423621401,33880080736316,47855636275
827500,1602778628,14937423621401,34036967911066,47637722121
828125,1602782257,14937423621401,34116992653254,47528564809
828750,1602785893,14937423621401,34292382695165,47288038952
829375,1602789534,14937423621401,34115970590499,47535297152
830000,1602793174,14937423621401,34082103709379,47584973552
830625,1602796820,14937423621401,33869486871798,47886346952
831250,1602800457,14937423621401,33871135105644,47886346952
831875,1602804090,14966578809516,33938931919181,47979812644
832500,1602807720,14966578809516,34011531982512,47879982620
833125,1602811361,14966578809516,34013386930796,47879982620
833750,1602814995,14966578809516,34015076492093,47879982620
834375,1602818624,14966578809516,34016750195802,47879982620
835000,1602822260,14966578809516,33971548715932,47946117020
835625,1602825904,14966578809516,33973258967066,47946117020
836250,1602829552,14982333496856,34046385903570,47946381052
836875,1602833190,14982333496856,34048108563513,47946381052
837500,1602836823,14982333496856,34049849238653,47946381052
838125,1602840461,14982333496856,33980264498754,48047126452
838750,1602844097,14982333496856,34087174116807,47899107668
839375,1602847732,14982333496856,34088869394286,47899107668
840000,1602851375,14982333496856,34161664198802,47799475929
840625,1602855008,14982333496856,34234538003783,47700248390
841250,1602858647,14982333496856,34379128285468,47502199692
841875,1602862286,14988636248345,34380725158874,47542199692
842500,1602865922,14988636248345,34382314648628,47542199692
843125,1602869567,14988636248345,34383826845515,47542199692
843750,1602873202,14988636248345,34385455105067,47542199692
844375,1602876858,15001481988431,34268702926932,47788932292
845000,1602880496,15001481988431,34234963199358,47838443692
845625,1602884125,15001481988431,34236601266048,47838443692
846250,1602887748,15001481988431,34238225696730,47838443692
846875,1602891374,15001481988431,34239834621457,47838443692
847500,1602894999,15001481988431,34241468753818,47838443692
848125,1602898627,15001481988431,34243106827469,47838443692
848750,1602902251,15348798194014,35351451941486,48521207211
849375,1602905873,15348798194014,35393957590455,48465338544
850000,1602909498,15348798194014,35395624529161,48465338544
850625,1602913127,15348798194014,35397249285573,48465338544
851250,1602916751,15348798194014,35471169739332,48366798444
851875,1602920381,16300817114720,37673033722419,51366782044
852500,1602924008,16300817114720,37674785015869,51366782044
853125,1602927635,16757720460062,38660196696012,52905634002
853750,1602931253,16757720460062,38590019173193,53004644802
854375,1602934880,16757720460062,38556140983714,53053953402
855000,1602938509,16790883319699,38527310401344,53306700602
855625,1602942152,16790883319699,38240961846446,53709511802
856250,1602945802,16790883319699,38243127010877,53709511802
856875,1602949441,16790883319699,38245337215685,53709511802
857500,1602953100,16790883319699,38247551602666,53709511802
858125,1602956727,16767584096554,38196604750274,53635124284
858750,1602960359,16767584096554,38198779142685,53635124284
859375,1602964002,16767584096554,38238904353830,53581965534
860000,1602967639,16957696798885,38747632058289,54087700251
860625,1602971272,16957696798885,38924969699339,53844786728
861250,1602974897,16957696798885,38927165467959,53844786728
861875,1602978525,16957696798885,38929347684076,53844786728
862500,1602982154,16957696798885,38931547973976,53844786728
863125,1602985782,16957696798885,38969740736011,53795127147
863750,1602989414,16957696798885,39080030917858,53646606689
864375,1602993037,16957696798885,39118387543326,53597103920
865000,1602996662,16957696798885,39156807978565,53547623851
865625,1603000293,16957696798885,39158939765670,53547623851
866250,1603003923,16957696798885,39088643124170,53647142851
866875,1603007554,16957696798885,38870732841823,53951543179
867500,1603011188,17159671096994,39013371027953,55046974956
868125,1603014818,17159671096994,39128547112807,54888330300
868750,1603018441,17159671096994,39202291613263,54788440482
869375,1603022073,17159671096994,39204497332142,54788440482
870000,1603025705,17159671096994,39206773610822,54788440482
870625,1603029340,17159671096994,39209003352831,54788440482
871250,1603032975,17159671096994,39211292947103,54788440482
871875,1603036607,17159671096994,39213798095499,54788440482
872500,1603040242,17159671096994,38913423850680,55217036582
873125,1603043879,17159671096994,38351925972553,56030866182
873750,1603047518,17159671096994,38048279608311,56483229464
874375,1603051197,16718474945713,36135442485223,56459619655
875000,1603054873,16718474945713,36075455468254,56559389205
875625,1603058516,16718474945713,36516707707873,55882576571
876250,1603062143,16718474945713,36520004910893,55882576571
876875,1603065771,16718474945713,36555515158344,55833563618
877500,1603069404,16718474945713,36591967246505,55783197629
878125,1603073039,16718474945713,36595069149722,55783197629
878750,1603076673,16748546820297,36778564361599,55709830945
879375,1603080330,16748546820297,36781855109839,55709830945
880000,1603083974,16748546820297,36785128867680,55709830945
880625,1603087631,16748546820297,36993796287085,55400638664
881250,1603091271,16748546820297,36997001405616,55400638664
881875,1603094906,16748546820297,37032861660842,55352030851
882500,1603098576,16748546820297,37378747626085,54845300568
883125,1603102222,16748546820297,37381787952027,54845300568
883750,1603105866,16748546820297,37384970964030,54845300568
884375,1603109503,16748546820297,37388067345411,54845300568
885000,1603113141,16748546820297,37359652865610,54891751028
885625,1603116773,16748546820297,37362758782821,54891751028
886250,1603120429,16748546820297,37404237330783,54835304895
886875,1603124080,16748546820297,37446084097420,54778734561
887500,1603127758,16748546820297,37449193120651,54778734561
888125,1603131443,16748546820297,37274300873051,55040781718
888750,1603135125,16748546820297,36910207523842,55589340083
889375,1603138780,16748546820297,36913426639269,55589340083
890000,1603142453,16748546820297,37152129587808,55237682052
890625,1603146137,16748546820297,37346095415024,54955647733
891250,1603149794,16748546820297,37349300198720,54955647733
891875,1603153443,16748546820297,37352527879527,54955647733
892500,1603157069,16748546820297,37355766250317,54955647733
893125,1603160694,16748546820297,37358979615819,54955647733
893750,1603164318,16748546820297,37362162191112,54955647733
894375,1603167947,16748546820297,37457846385186,54820013040
895000,1603171579,21270180768544,47531314338813,69683080840
895625,1603175213,21270180768544,47680716384473,69475321458
896250,1603178834,21270180768544,47683781060578,69476706740
896875,1603182456,21270180768544,47731531069897,69413035075
897500,1603186103,21270180768544,48596937719238,68183749172
898125,1603189747,25107022114797,57367476450175,80483165958
898750,1603193391,25107022114797,57715878124680,80010148417
899375,1603197043,25107022114797,58483392152683,78966649361
900000,1603200684,25076950240213,58447252708085,78832302743
900625,1603204328,25076950240213,58707278285303,78490764778
901250,1603207984,25076950240213,58496528500810,78779240678
901875,1603211644,25076950240213,58766592601130,78422925179
902500,1603215301,21068012305850,49375016622450,65886065562
903125,1603218946,21068012305850,49502863664204,65720956721
903750,1603222596,21068012305850,49955914021047,65130461041
904375,1603226260,20824316829908,49964247222833,63631807158
905000,1603229925,20824316829908,50010232498576,63577267405
905625,1603233587,19994241464091,47718391230981,61439033619
906250,1603237235,19994241464091,47861741557621,61259576726
906875,1603240888,19994241464091,47865084603014,61259576726
907500,1603244541,19994241464091,47644091113433,61548433026
908125,1603248184,19994241464091,47460761945847,61790906526
908750,1603251824,19994241464091,47464142511649,61790906526
909375,1603255460,19994241464091,47679470943317,61516608221
910000,1603259106,19994241464091,47725432960537,61461814048
910625,1603262750,19994241464091,47728770000580,61461814048
911250,1603266389,19994241464091,47519254262147,61739143494
911875,1603270032,19994241464091,48059611687675,61050229002
912500,1603273675,19994241464091,47704595218744,61509526002
913125,1603277312,19994241464091,47707961742964,61509526002
913750,1603280952,19994241464091,47711332091962,61509526002
914375,1603284591,19994241464091,47714745994412,61509526002
915000,1603288237,19994241464091,47718152434548,61509526002
915625,1603291881,19994241464091,47721587356397,61509526002
916250,1603295516,19994241464091,47724990578400,61509526002
916875,1603299162,19994241464091,47728409132598,61509526002
917500,1603302830,19988310921395,48440837779099,60574565300
918125,1603306486,19988310921395,48444060630863,60574565300
918750,1603310144,20978238968678,50311713510468,64251837900
919375,1603313786,20978238968678,50230570241135,64360323900
920000,1603317437,21065258580167,50890966364674,64058705095
920625,1603321084,21065258580167,50894466041282,64058705095
921250,1603324744,21065258580167,50413442872026,64675172595
921875,1603328421,21065258580167,50416270713897,64675172595
922500,1603332101,21065273968466,50371845826837,64736027885
923125,1603335770,21065273968466,50566013317022,64491572657
923750,1603339443,21065273968466,51029726117667,63909913492
924375,1603343107,21065273968466,51032922525136,63909913492
925000,1603346745,21065273968466,51036514925187,63909913492
925625,1603350385,21065273968466,50821742172454,64185089492
926250,1603354025,21065273968466,50825260820387,64185089492
926875,1603357677,21065273968466,50780450850932,64246279092
927500,1603361315,21065273968466,50784017936307,64246279092
928125,1603364962,16543640020219,39885842081118,50456248844
928750,1603368617,16543640020219,39888588190542,50456248844
929375,1603372277,20770128468130,49851054824060,63660360744
930000,1603375927,20770128468130,49854448940916,63660360744
930625,1603379562,20770128468130,49857901054949,63660360744
931250,1603383204,20770128468130,50439049519167,62932785684
931875,1603386855,20770128468130,50316456327805,63090653884
932500,1603390504,20435504871826,49166907781677,62513625668
933125,1603394172,20435504871826,49261264934062,62398402427
933750,1603397828,20435504871826,49359937558430,62278014585
934375,1603401475,20435504871826,49446673515037,62173298671
935000,1603405153,20435504871826,49700490150205,61860278458
935625,1603408826,20435504871826,49745575771839,61808304838
936250,1603412475,20435504871826,49749025253485,61808304838
936875,1603416137,20435504871826,49752466320158,61808304838
937500,1603419801,20435504871826,49755795296739,61808304838
938125,1603423457,20435504871826,49759112527289,61808304838
938750,1603427115,20571983503473,50430209954220,61808310534
939375,1603430781,20571983503473,50433661514587,61808310534
940000,1603434440,20571983503473,50437198687241,61808310534
940625,1603438103,20571983503473,50162535755302,62151820634
941250,1603441764,20571983503473,50124177647042,62203909034
941875,1603445424,20571983503473,50127764751410,62203909034
942500,1603449085,20571983503473,50089339236093,62256164734
943125,1603452746,20571983503473,50092916085655,62256164734
943750,1603456403,20576849444911,50120859623902,62255286734
944375,1603460090,20750830900867,50590673566667,62728857424
945000,1603463788,20750830900867,50751835792995,62534135782
945625,1603467471,20750830900867,50798033250724,62481842758
946250,1603471145,20852250730909,51392496305321,62369583446
946875,1603474819,20852250730909,51355122890335,62419583446
947500,1603478533,20852250730909,51348633267149,62432093446
948125,1603482203,21178096463545,52105786497718,63467380009
948750,1603485886,21178096463545,52027661334133,63567380009
949375,1603489552,21178096463545,52031259771588,63567380009
950000,1603493215,21211393135850,52216575653564,63546134286
950625,1603496891,21211393135850,52220235670522,63546134286
951250,1603500556,21878983444147,53867574612893,65546134886
951875,1603504213,21879191757575,53871441174283,65547383061
952500,1603507867,21879191757575,53875303805667,65547383061
953125,1603511528,21879191757575,53922459239286,65494750732
953750,1603515192,21899763367423,54027951203512,65494750732
954375,1603518857,21899763367423,54031691797361,65494750732
955000,1603522523,21899763367423,54035519876689,65494750732
955625,1603526189,21899763367423,54082530065726,65442409881
956250,1603529852,21899763367423,54086407426722,65442409881
956875,1603533521,21899763367423,54764734725842,64649814758
957500,1603537195,21899763367423,53874076531629,65736885256
958125,1603540859,21925345679065,53990000624001,65753924556
958750,1603544523,21925345679065,53993874318005,65753924556
959375,1603548186,21925345679065,53997778427232,65753924556
960000,1603551847,21925345679065,54001676001668,65753924556
960625,1603555514,21925345679065,54005534485424,65753924556
961250,1603559182,21925345679065,54009434060869,65753924556
961875,1603562861,21925345679065,53765346149573,66057604556
962500,1603566528,21925345679065,53769307373798,66057604556
963125,1603570202,21969987795700,54087867355315,65942076707
963750,1603573873,21969987795700,54042922698473,66001538307
964375,1603577550,21969987795700,53997692309656,66061111107
965000,1603581236,22173006071584,54553358441102,66608709379
965625,1603584901,22220845025229,54575544997063,66873787325
966250,1603588564,22220845025229,54530681342456,66933215325
966875,1603592224,22220845025229,54534151963906,66933215325
967500,1603595898,22220845025229,54537494783618,66933215325
968125,1603599559,22220845025229,54540944371312,66933215325
968750,1603603224,22220845025229,54740300738370,66694058246
969375,1603606888,22177335219485,55053804100944,66059742338
970000,1603610551,23688052864497,58807692414907,70559727538
970625,1603614223,23688052864497,58811309079089,70559727538
971250,1603617891,23688052864497,58864510223433,70500378769
971875,1603621555,23688052864497,58868120698924,70500378769
972500,1603625226,23688052864497,58978304763756,70372977153
973125,1603628891,23688052864497,58981873638903,70372977153
973750,1603632566,23586458398339,58801440205446,69990110982
974375,1603636239,23586458398339,59255335557681,69458605781
975000,1603639912,23586458398339,59419068723233,69271484958
975625,1603643574,23586458398339,59627944393952,69033356982
976250,1603647256,23586458398339,59734013595794,68914879721
976875,1603650945,23586458398339,59737373118627,68914879721
977500,1603654629,23586458398339,59740816276337,68914879721
978125,1603658306,23586458398339,59744310955689,68914879721
978750,1603661997,23586458398339,59747713989900,68914879721
979375,1603665692,23586458398339,59822671838109,68832614468
980000,1603669396,23586458398339,59904398928121,68742906691
980625,1603673092,23586458398339,59908000613845,68742906691
981250,1603676793,23586458398339,59911638162869,68742906691
981875,1603680493,23586458398339,59915343892206,68742906691
982500,1603684158,23586458398339,59919029553656,68742906691
983125,1603687831,23586458398339,59922607350349,68742906691
983750,1603691510,23586458398339,59926170721218,68742906691
984375,1603695179,23586458398339,59929852567250,68742906691
985000,1603698846,23586458398339,59933480042017,68742906691
985625,1603702518,23586458398339,60041246248243,68623930492
986250,1603706198,23586458398339,60454839953947,68158969491
986875,1603709875,23586458398339,60458420297967,68158969491
987500,1603713551,23586458398339,60461986438229,68158969491
988125,1603717230,23586458398339,60411710536234,68219650291
988750,1603720921,23586458398339,60046441968516,68639360425
989375,1603724601,23586458398339,60050483189985,68638833250
990000,1603728285,23586458398339,60053945733490,68638833250
990625,1603731965,23586458398339,60004258072113,68699812450
991250,1603735667,23654861498856,59675044777134,69485545587
991875,1603739369,23654861498856,59566515892235,69616066863
992500,1603743055,23657384582809,59576277997616,69623492280
993125,1603746763,23832163627783,60754213803918,69292731642
993750,1603750463,24000763547237,61133417934090,69844582650
994375,1603754159,24000763547237,61206324594668,69765659902
995000,1603757858,24000763547237,61132822509094,69853906130
995625,1603761534,24018339105144,61180884092481,69905059571
996250,1603765205,23993499496441,61227117345355,69711742578
996875,1603768871,23993499496441,61408857771203,69510207623
997500,1603772556,24007995780834,61433802455772,69569835404
998125,1603776227,24044997630925,61626645539999,69570038010
998750,1603779895,24044997630925,61366421915273,69869171814
999375,1603783563,24045859573666,61164038317569,70109487263
1000000,1603787223,24114241128954,61341179457860,70308864498
1000625,1603790899,24114241128954,61344316933617,70308864498
1001250,1603794564,24114241128954,61347481110686,70308864498
1001875,1603798221,24114241128954,61350654022810,70308864498
1002500,1603801894,24114241128954,61353772468095,70308864498
1003125,1603805572,24120750685908,61304325307499,70407239109
1003750,1603809254,24120750685908,61733074246532,69921934322
1004375,1603812962,24120750685908,63529190103906,67951103874
1005000,1603816639,24493471111628,64625015741637,68882680434
1005625,1603820302,24532650424910,64614672747416,69118184228
1006250,1603823982,24532650424910,64157560796022,69615521136
1006875,1603827661,24532650424910,63224923480885,70647199165
1007500,1603831342,24532650424910,63174084176706,70707728605
1008125,1603835021,24532650424910,63506417794685,70341889835
1008750,1603838694,24532650424910,63564345116228,70281489835
1009375,1603842373,24632060053639,63975418988109,70401145021
1010000,1603846039,24632060053639,64286224811203,70065003393
1010625,1603849707,24632060053639,64234538235443,70124854639
1011250,1603853368,24632060053639,64459247707341,69884158319
1011875,1603857023,24632060053639,64629099293778,69704140654
1012500,1603860677,24632060053639,64632319788201,69704140654
1013125,1603864334,24633705161921,64537909535401,69819182736
1013750,1603867990,24633705161921,64541190769486,69819182736
1014375,1603871652,24633705161921,64544464962412,69819182736
1015000,1603875307,24633705161921,64547749813743,69819182736
1015625,1603878954,24633705161921,64551068824207,69819182736
1016250,1603882625,24633705161921,64777299368066,69579172950
1016875,1603886292,24633705161921,64780461190676,69579172950
1017500,1603889956,24633705161921,64673098914517,69698194671
1018125,1603893630,24633705161921,64676332787532,69698194671
1018750,1603897301,24631182077968,64672814501956,69691163659
1019375,1603900982,24631182077968,64731708986669,69631206573
1020000,1603904687,24631182077968,64735155499289,69630769332
1020625,1603908385,24631182077968,64435084145229,69958751344
1021250,1603912104,24631182077968,64660762514105,69718064595
1021875,1603915848,24631182077968,65012275919183,69344353224
1022500,1603919577,24631182077968,65071472600716,69284628803
1023125,1603923298,24615507443093,65137747993701,69129364988
1023750,1603927050,24545085106585,65040665103344,68840276442
1024375,1603930759,24395792770810,64713858057996,68352666882
1025000,1603934458,24395792770810,65109682868312,67940581617
1025625,1603938145,24304318046899,65190115088719,67352556607
1026250,1603941823,24304318046899,65192950341146,67352556607
1026875,1603945493,24304318046899,65195905768315,67352556607
1027500,1603949165,24304318046899,65267615381445,67281734815
1028125,1603952835,24304318046899,64651869450036,67926452173
1028750,1603956503,24304318046899,64654820976903,67926452173
1029375,1603960172,24304318046899,64713679337526,67867684999
1030000,1603963842,24304318046899,64716447693084,67867684999
1030625,1603967510,24302672938617,64770831392382,67804502010
1031250,1603971183,24302672938617,64869617338678,67704183023
1031875,1603974863,24302672938617,64872153022030,67704183023
1032500,1603978538,24302672938617,64930946239471,67645647450
1033125,1603982206,24302672938617,64933592788686,67645647450
1033750,1603985881,24377141888875,65391541708453,67587221659
1034375,1603989563,24377141888875,65520197923810,67457359725
1035000,1603993244,24377141888875,65636326824618,67340795217
1035625,1603996926,24377141888875,65638920074445,67340795217
1036250,1604000605,24377141888875,65641541816538,67340795217
1036875,1604004278,24377141888875,65531737731628,67456450239
1037500,1604007935,24395643687479,65478245693697,67616981874
1038125,1604011596,24395643687479,65533839550429,67562367710
1038750,1604015249,24395643687479,65820847150813,67270840542
1039375,1604018897,24395643687479,65823503067085,67270840542
1040000,1604022550,24395643687479,65657381621355,67443991107
1040625,1604026193,24395643687479,65660139358469,67443991107
1041250,1604029858,24395643687479,65607194859774,67501348236
1041875,1604033508,24395643687479,65723526938376,67384750416
1042500,1604037166,24413734310992,65774851968188,67434736851
1043125,1604040824,24413734310992,65834442836171,67376541002
1043750,1604044473,24413734310992,66760241634680,66445900172
1044375,1604048123,24413734310992,67051746215371,66159874361
1045000,1604051771,24413734310992,66997223549409,66216464861
1045625,1604055425,24413734310992,67058284304291,66158899249
1046250,1604059065,24413734310992,67061016216763,66158899249
1046875,1604062720,24413734310992,66834853090720,66385693979
1047500,1604066375,24413734310992,66837596886807,66385693979
1048125,1604070025,24413734310992,66739944241887,66485693979
1048750,1604073683,24413734310992,66887750778252,66341743063
1049375,1604077331,24413734310992,66890525341484,66341743063
1050000,1604080985,24413734310992,66381322211845,66854222402
1050625,1604084660,24413734310992,66369967100197,66868543628
1051250,1604088315,24413734310992,66372708892086,66868543628
1051875,1604091968,24413734310992,66375477614435,66868543628
1052500,1604095617,24413734310992,66378258852045,66868543628
1053125,1604099259,24413734310992,66381091391289,66868543628
1053750,1604102915,24378900768463,66138152002147,66925806956
1054375,1604106573,24230399876628,65338069337419,66925806956
1055000,1604110222,24230399876628,65340839404173,66925806956
1055625,1604113872,24230399876628,65343596497779,66925806956
1056250,1604117524,24230399876628,65346300520179,66925806956
1056875,1604121191,24230399876628,65237170686350,67040524411
1057500,1604124849,24230399876628,65239826064503,67040524411
1058125,1604128514,24230399876628,65130846810677,67155448393
1058750,1604132179,24230399876628,64633895320547,67674929629
1059375,1604135867,24230399876628,63867200449010,68490676478
1060000,1604139537,24230399876628,63869711338412,68490676478
1060625,1604143206,24211898078024,63868884665487,68389892016
1061250,1604146875,24211898078024,63871439019331,68389892016
1061875,1604150532,24211898078024,63874142747951,68389892016
1062500,1604154220,24230352532514,63654962411302,68733147537
1063125,1604157904,24230352532514,63385564327238,69027911605
1063750,1604161577,24230352532514,63552365438781,68849714771
1064375,1604165232,24230352532514,63775014293617,68612668308
1065000,1604168912,24230352532514,63998024272073,68376455238
1065625,1604172566,24230352532514,64203879537192,68160432271
1066250,1604176233,24230352532514,64206535574782,68160432271
1066875,1604179901,24230352532514,64264485081685,68101719501
1067500,1604183563,24230352532514,64267097084981,68101719501
1068125,1604187223,24230352532514,64484617774783,67875154543
1068750,1604190880,24230352532514,64487304118378,67875154543
1069375,1604194537,24230352532514,64489974890035,67875154543
1070000,1604198198,24230352532514,64492490924956,67875154543
1070625,1604201849,24230352532514,64550782207353,67816664752
1071250,1604205503,24230352532514,64553463932492,67816664752
1071875,1604209170,24230352532514,64618627813077,67751008927
1072500,1604212833,24230352532514,64956644089085,67401503003
1073125,1604220080,24230352532514,65071488032737,67285437230
1073750,1604223724,24230352532514,65074275322432,67285437230
1074375,1604227366,24230352532514,65077040747420,67285437230
1075000,1604231010,24230352532514,65079820926702,67285437230
1075625,1604234652,24230352532514,65082595247359,67285437230
1076250,1604238291,24230352532514,65085369477065,67285437230
1076875,1604241936,24230352532514,65088111201389,67285437230
1077500,1604245582,24230352532514,65090874604467,67285437230
1078125,1604249235,24230352532514,65205951510817,67169655532
1078750,1604252900,24230352532514,65208674943293,67169655532
1079375,1604256556,24230352532514,65211344633031,67169655532
1080000,1604260207,24230352532514,65214035629019,67169655532
1080625,1604263858,24230352532514,65216708059394,67169655532
1081250,1604267561,24230352532514,65219260130622,67169655532
1081875,1604271245,24230352532514,65313431975781,67075804474
1082500,1604274939,24230352532514,65520781703094,66866757079
1083125,1604278602,24230352532514,65750236584197,66636609527
1083750,1604282260,24230352532514,65874644127896,66513830630
1084375,1604285933,24232537410629,66225070977816,66176996536
1085000,1604289578,25135870872159,68755727952859,68585119130
1085625,1604293223,25135870872159,68758673343250,68585119130
1086250,1604296869,25135870872159,68761597618414,68585119130
1086875,1604300540,25135870872159,68472443022615,68877883590
1087500,1604304207,25135870872159,68422579404100,68930950538
1088125,1604307866,25135870872159,68368193052072,68988851818
1088750,1604311514,25135870872159,68371233726682,68988851818
1089375,1604315165,25135870872159,68374224049764,68988851818
1090000,1604318818,25135870872159,68377194481782,68988851818
1090625,1604322475,25135870872159,68147671464345,69224535373
1091250,1604326140,25135870872159,67630068887119,69757814103
1091875,1604329809,25135870872159,67345064991295,70056229550
1092500,1604333479,25148013320639,67438433244412,70029750389
1093125,1604337143,25215821561773,67747835551163,70089491983
1093750,1604340823,25215821561773,67751055247107,70088851618
1094375,1604344519,25200066874433,67652990566140,70105061147
1095000,1604348196,25200066874433,67655415693875,70105061147
1095625,1604351894,25200066874433,67484805331360,70284829029
1096250,1604355566,25223246183285,67549305743879,70349499087
1096875,1604359223,25297246436533,67997295402685,70299982194
1097500,1604362876,25297246436533,68330060896638,69960763752
1098125,1604366539,25297246436533,68450526214636,69840456035
1098750,1604370193,25297246436533,68453190119218,69840456035
1099375,1604373847,25297246436533,68573809023632,69720477825
1100000,1604377513,25297246436533,68635367851822,69660543641
1100625,1604381190,25297246436533,68756257657457,69540730165
1101250,1604384855,25297246436533,69356611109970,68942082775
1101875,1604388529,25297246436533,69598259978592,68705535674
1102500,1604392196,25297246436533,69839037232744,68505310646
